device_id,penalty,bias
0,0.000007410457347,0.9152760961666697
1,0.0000092930634862,13.7928510092424297
2,0.0000098506383514,5.7724257627000002