SearchArea,CPU_time,GPU_time
1,0.010281390,8.144225336
32768,73.595482973,86.804312257
65536,243.278517960,178.120320960
131072,591.300763486,362.054512534
262144,1263.070462576,746.284256366