SearchArea,CPU,4090
1,0.010281390,7.985329226
128,0,8.232531190